{
  "hash": "77442c26",
  "configHash": "33322a33",
  "lockfileHash": "a1333367",
  "browserHash": "cb1788da",
  "optimized": {
    "@angular/common": {
      "src": "../../../../../../node_modules/@angular/common/fesm2022/common.mjs",
      "file": "@angular_common.js",
      "fileHash": "fe2d4486",
      "needsInterop": false
    },
    "@angular/common/http": {
      "src": "../../../../../../node_modules/@angular/common/fesm2022/http.mjs",
      "file": "@angular_common_http.js",
      "fileHash": "6b0becb8",
      "needsInterop": false
    },
    "@angular/core": {
      "src": "../../../../../../node_modules/@angular/core/fesm2022/core.mjs",
      "file": "@angular_core.js",
      "fileHash": "9eeb890d",
      "needsInterop": false
    },
    "@angular/forms": {
      "src": "../../../../../../node_modules/@angular/forms/fesm2022/forms.mjs",
      "file": "@angular_forms.js",
      "fileHash": "18e3b7e1",
      "needsInterop": false
    },
    "@angular/platform-browser": {
      "src": "../../../../../../node_modules/@angular/platform-browser/fesm2022/platform-browser.mjs",
      "file": "@angular_platform-browser.js",
      "fileHash": "8adc8667",
      "needsInterop": false
    },
    "@angular/router": {
      "src": "../../../../../../node_modules/@angular/router/fesm2022/router.mjs",
      "file": "@angular_router.js",
      "fileHash": "459d2fe1",
      "needsInterop": false
    },
    "rxjs": {
      "src": "../../../../../../node_modules/rxjs/dist/esm5/index.js",
      "file": "rxjs.js",
      "fileHash": "8586426c",
      "needsInterop": false
    }
  },
  "chunks": {
    "chunk-FC5Y4UYQ": {
      "file": "chunk-FC5Y4UYQ.js"
    },
    "chunk-7ERYJJWP": {
      "file": "chunk-7ERYJJWP.js"
    },
    "chunk-5YY4JGXL": {
      "file": "chunk-5YY4JGXL.js"
    },
    "chunk-B7RQN5EG": {
      "file": "chunk-B7RQN5EG.js"
    },
    "chunk-LBQ7ANGX": {
      "file": "chunk-LBQ7ANGX.js"
    },
    "chunk-S35MAB2V": {
      "file": "chunk-S35MAB2V.js"
    }
  }
}